code,name,listing_board
AADI,Adaro Andalan Indonesia Tbk.,Utama
AALI,Astra Agro Lestari Tbk.,Utama
ABBA,Mahaka Media Tbk.,Pemantauan Khusus
ABDA,Asuransi Bina Dana Arta Tbk.,Pemantauan Khusus
ABMM,ABM Investama Tbk.,Utama
ACES,Aspirasi Hidup Indonesia Tbk.,Utama
ACRO,Samcro Hyosung Adilestari Tbk.,Pengembangan
ACST,Acset Indonusa Tbk.,Pengembangan
ADCP,Adhi Commuter Properti Tbk.,Pengembangan
ADES,Akasha Wira International Tbk.,Pengembangan
ADHI,Adhi Karya (Persero) Tbk.,Utama
ADMF,Adira Dinamika Multi Finance T,Pengembangan
ADMG,Polychem Indonesia Tbk,Pengembangan
ADMR,Adaro Minerals Indonesia Tbk.,Utama
ADRO,Alamtri Resources Indonesia Tb,Utama
AEGS,Anugerah Spareparts Sejahtera,Pemantauan Khusus
AGAR,Asia Sejahtera Mina Tbk.,Pengembangan
AGII,Samator Indo Gas Tbk.,Pengembangan
AGRO,Bank Raya Indonesia Tbk.,Utama
AGRS,Bank IBK Indonesia Tbk.,Pengembangan
AHAP,Asuransi Harta Aman Pratama Tb,Pengembangan
AIMS,Artha Mahiya Investama Tbk.,Pengembangan
AISA,FKS Food Sejahtera Tbk.,Utama
AKKU,Anugerah Kagum Karya Utama Tbk,Pemantauan Khusus
AKPI,Argha Karya Prima Industry Tbk,Pengembangan
AKRA,AKR Corporindo Tbk.,Utama
AKSI,Mineral Sumberdaya Mandiri Tbk,Pengembangan
ALDO,Alkindo Naratama Tbk.,Pengembangan
ALII,Ancara Logistics Indonesia Tbk,Utama
ALKA,Alakasa Industrindo Tbk,Pengembangan
ALMI,Alumindo Light Metal Industry,Pemantauan Khusus
ALTO,Tri Banyan Tirta Tbk.,Pemantauan Khusus
AMAG,Asuransi Multi Artha Guna Tbk.,Pengembangan
AMAN,Makmur Berkah Amanda Tbk.,Pengembangan
AMAR,Bank Amar Indonesia Tbk.,Pengembangan
AMFG,Asahimas Flat Glass Tbk.,Utama
AMIN,Ateliers Mecaniques D Indonesi,Pengembangan
AMMN,Amman Mineral Internasional Tb,Utama
AMMS,Agung Menjangan Mas Tbk.,Akselerasi
AMOR,Ashmore Asset Management Indon,Pengembangan
AMRT,Sumber Alfaria Trijaya Tbk.,Utama
ANDI,Andira Agro Tbk.,Pemantauan Khusus
ANJT,Austindo Nusantara Jaya Tbk.,Pengembangan
ANTM,Aneka Tambang Tbk.,Utama
APEX,Apexindo Pratama Duta Tbk.,Pengembangan
APIC,Pacific Strategic Financial Tb,Pengembangan
APII,Arita Prima Indonesia Tbk.,Pengembangan
APLI,Asiaplast Industries Tbk.,Pengembangan
APLN,Agung Podomoro Land Tbk.,Utama
ARCI,Archi Indonesia Tbk.,Pengembangan
AREA,Dunia Virtual Online Tbk.,Pengembangan
ARGO,Argo Pantes Tbk,Pengembangan
ARII,Atlas Resources Tbk.,Pengembangan
ARKA,Arkha Jayanti Persada Tbk.,Pemantauan Khusus
ARKO,Arkora Hydro Tbk.,Pengembangan
ARMY,Armidian Karyatama Tbk.,Pemantauan Khusus
ARNA,Arwana Citramulia Tbk.,Utama
ARTA,Arthavest Tbk,Pengembangan
ARTI,Ratu Prabu Energi Tbk,Pemantauan Khusus
ARTO,Bank Jago Tbk.,Utama
ASBI,Asuransi Bintang Tbk.,Pengembangan
ASDM,Asuransi Dayin Mitra Tbk.,Pengembangan
ASGR,Astra Graphia Tbk.,Utama
ASHA,Cilacap Samudera Fishing Indus,Pemantauan Khusus
ASII,Astra International Tbk.,Utama
ASJT,Asuransi Jasa Tania Tbk.,Pengembangan
ASLC,Autopedia Sukses Lestari Tbk.,Pengembangan
ASLI,Asri Karya Lestari Tbk.,Pengembangan
ASMI,Asuransi Maximus Graha Persada,Pemantauan Khusus
ASPI,Andalan Sakti Primaindo Tbk.,Pengembangan
ASRI,Alam Sutera Realty Tbk.,Utama
ASRM,Asuransi Ramayana Tbk.,Pengembangan
ASSA,Adi Sarana Armada Tbk.,Utama
ATAP,Trimitra Prawara Goldland Tbk.,Pemantauan Khusus
ATIC,Anabatic Technologies Tbk.,Pengembangan
ATLA,Atlantis Subsea Indonesia Tbk.,Pengembangan
AUTO,Astra Otoparts Tbk.,Utama
AVIA,Avia Avian Tbk.,Utama
AWAN,Era Digital Media Tbk.,Pengembangan
AXIO,Tera Data Indonusa Tbk.,Utama
AYAM,Janu Putra Sejahtera Tbk.,Pengembangan
AYLS,Agro Yasa Lestari Tbk.,Pengembangan
BABP,Bank MNC Internasional Tbk.,Pengembangan
BABY,Multitrend Indo Tbk.,Pengembangan
BACA,Bank Capital Indonesia Tbk.,Utama
BAIK,Bersama Mencapai Puncak Tbk.,Pengembangan
BAJA,Saranacentral Bajatama Tbk.,Pengembangan
BALI,Bali Towerindo Sentra Tbk.,Utama
BANK,Bank Aladin Syariah Tbk.,Utama
BAPA,Bekasi Asri Pemula Tbk.,Pengembangan
BAPI,Bhakti Agung Propertindo Tbk.,Pemantauan Khusus
BATA,Sepatu Bata Tbk.,Pengembangan
BATR,Benteng Api Technic Tbk.,Pengembangan
BAUT,Mitra Angkasa Sejahtera Tbk.,Pemantauan Khusus
BAYU,Bayu Buana Tbk,Pengembangan
BBCA,Bank Central Asia Tbk.,Utama
BBHI,Allo Bank Indonesia Tbk.,Utama
BBKP,Bank KB Bukopin Tbk.,Utama
BBLD,Buana Finance Tbk.,Pengembangan
BBMD,Bank Mestika Dharma Tbk.,Pengembangan
BBNI,Bank Negara Indonesia (Persero,Utama
BBRI,Bank Rakyat Indonesia (Persero,Utama
BBRM,Pelayaran Nasional Bina Buana,Pengembangan
BBSI,Krom Bank Indonesia Tbk.,Pengembangan
BBSS,Bumi Benowo Sukses Sejahtera T,Pengembangan
BBTN,Bank Tabungan Negara (Persero),Utama
BBYB,Bank Neo Commerce Tbk.,Utama
BCAP,MNC Kapital Indonesia Tbk.,Utama
BCIC,Bank JTrust Indonesia Tbk.,Pengembangan
BCIP,Bumi Citra Permai Tbk.,Pengembangan
BDKR,Berdikari Pondasi Perkasa Tbk.,Utama
BDMN,Bank Danamon Indonesia Tbk.,Utama
BEBS,Berkah Beton Sadaya Tbk.,Pemantauan Khusus
BEEF,Estika Tata Tiara Tbk.,Pengembangan
BEER,Jobubu Jarum Minahasa Tbk.,Pengembangan
BEKS,Bank Pembangunan Daerah Banten,Pemantauan Khusus
BELI,Global Digital Niaga Tbk.,Ekonomi Baru
BELL,Trisula Textile Industries Tbk,Pemantauan Khusus
BESS,Batulicin Nusantara Maritim Tb,Pengembangan
BEST,Bekasi Fajar Industrial Estate,Utama
BFIN,BFI Finance  Indonesia Tbk.,Utama
BGTG,Bank Ganesha Tbk.,Pengembangan
BHAT,Bhakti Multi Artha Tbk.,Pengembangan
BHIT,MNC Asia Holding Tbk.,Pemantauan Khusus
BIKA,Binakarya Jaya Abadi Tbk.,Pemantauan Khusus
BIKE,Sepeda Bersama Indonesia Tbk.,Pengembangan
BIMA,Primarindo Asia Infrastructure,Pengembangan
BINA,Bank Ina Perdana Tbk.,Utama
BINO,Perma Plasindo Tbk.,Pengembangan
BIPI,Astrindo Nusantara Infrastrukt,Pengembangan
BIPP,Bhuwanatala Indah Permai Tbk.,Pemantauan Khusus
BIRD,Blue Bird Tbk.,Utama
BISI,BISI International Tbk.,Utama
BJBR,Bank Pembangunan Daerah Jawa B,Utama
BJTM,Bank Pembangunan Daerah Jawa T,Utama
BKDP,Bukit Darmo Property Tbk,Pemantauan Khusus
BKSL,Sentul City Tbk.,Pemantauan Khusus
BKSW,Bank QNB Indonesia Tbk.,Pengembangan
BLES,Superior Prima Sukses Tbk.,Utama
BLTA,Berlian Laju Tanker Tbk,Pemantauan Khusus
BLTZ,Graha Layar Prima Tbk.,Pemantauan Khusus
BLUE,Berkah Prima Perkasa Tbk.,Pengembangan
BMAS,Bank Maspion Indonesia Tbk.,Pemantauan Khusus
BMBL,Lavender Bina Cendikia Tbk.,Akselerasi
BMHS,Bundamedik Tbk.,Utama
BMRI,Bank Mandiri (Persero) Tbk.,Utama
BMSR,Bintang Mitra Semestaraya Tbk,Pengembangan
BMTR,Global Mediacom Tbk.,Utama
BNBA,Bank Bumi Arta Tbk.,Pengembangan
BNBR,Bakrie & Brothers Tbk,Pemantauan Khusus
BNGA,Bank CIMB Niaga Tbk.,Utama
BNII,Bank Maybank Indonesia Tbk.,Utama
BNLI,Bank Permata Tbk.,Pengembangan
BOAT,Newport Marine Services Tbk.,Pengembangan
BOBA,Formosa Ingredient Factory Tbk,Pengembangan
BOGA,Bintang Oto Global Tbk.,Pengembangan
BOLA,Bali Bintang Sejahtera Tbk.,Utama
BOLT,Garuda Metalindo Tbk.,Pengembangan
BOSS,Borneo Olah Sarana Sukses Tbk.,Pemantauan Khusus
BPFI,Woori Finance Indonesia Tbk.,Pengembangan
BPII,Batavia Prosperindo Internasio,Pengembangan
BPTR,Batavia Prosperindo Trans Tbk.,Pengembangan
BRAM,Indo Kordsa Tbk.,Pengembangan
BREN,Barito Renewables Energy Tbk.,Utama
BRIS,Bank Syariah Indonesia Tbk.,Utama
BRMS,Bumi Resources Minerals Tbk.,Utama
BRNA,Berlina Tbk.,Pengembangan
BRPT,Barito Pacific Tbk.,Utama
BRRC,Raja Roti Cemerlang Tbk.,Pengembangan
BSBK,Wulandari Bangun Laksana Tbk.,Utama
BSDE,Bumi Serpong Damai Tbk.,Utama
BSIM,Bank Sinarmas Tbk.,Utama
BSML,Bintang Samudera Mandiri Lines,Pengembangan
BSSR,Baramulti Suksessarana Tbk.,Pengembangan
BSWD,Bank Of India Indonesia Tbk.,Pengembangan
BTEK,Bumi Teknokultura Unggul Tbk,Pemantauan Khusus
BTEL,Bakrie Telecom Tbk.,Pemantauan Khusus
BTON,Betonjaya Manunggal Tbk.,Pemantauan Khusus
BTPN,Bank SMBC Indonesia Tbk.,Utama
BTPS,Bank BTPN Syariah Tbk.,Utama
BUAH,Segar Kumala Indonesia Tbk.,Pengembangan
BUDI,Budi Starch & Sweetener Tbk.,Utama
BUKA,Bukalapak.com Tbk.,Ekonomi Baru
BUKK,Bukaka Teknik Utama Tbk.,Pengembangan
BULL,Buana Lintas Lautan Tbk.,Pengembangan
BUMI,Bumi Resources Tbk.,Utama
BUVA,Bukit Uluwatu Villa Tbk.,Pengembangan
BVIC,Bank Victoria International Tb,Utama
BWPT,Eagle High Plantations Tbk.,Utama
BYAN,Bayan Resources Tbk.,Utama
CAKK,Cahayaputra Asa Keramik Tbk.,Pengembangan
CAMP,Campina Ice Cream Industry Tbk,Pengembangan
CANI,Capitol Nusantara Indonesia Tb,Pemantauan Khusus
CARE,Metro Healthcare Indonesia Tbk,Pengembangan
CARS,Industri dan Perdagangan Bintr,Utama
CASA,Capital Financial Indonesia Tb,Pengembangan
CASH,Cashlez Worldwide Indonesia Tb,Akselerasi
CASS,Cardig Aero Services Tbk.,Utama
CBDK,Bangun Kosambi Sukses Tbk.,Utama
CBMF,Cahaya Bintang Medan Tbk.,Pemantauan Khusus
CBPE,Citra Buana Prasida Tbk.,Pengembangan
CBRE,Cakra Buana Resources Energi T,Pemantauan Khusus
CBUT,Citra Borneo Utama Tbk.,Pemantauan Khusus
CCSI,Communication Cable Systems In,Pengembangan
CEKA,Wilmar Cahaya Indonesia Tbk.,Pengembangan
CENT,Centratama Telekomunikasi Indo,Pemantauan Khusus
CFIN,Clipan Finance Indonesia Tbk.,Utama
CGAS,Citra Nusantara Gemilang Tbk.,Pengembangan
CHEM,Chemstar Indonesia Tbk.,Pengembangan
CHIP,Pelita Teknologi Global Tbk.,Akselerasi
CINT,Chitose Internasional Tbk.,Pengembangan
CITA,Cita Mineral Investindo Tbk.,Pengembangan
CITY,Natura City Developments Tbk.,Pengembangan
CLAY,Citra Putra Realty Tbk.,Pemantauan Khusus
CLEO,Sariguna Primatirta Tbk.,Utama
CLPI,Colorpak Indonesia Tbk.,Pengembangan
CMNP,Citra Marga Nusaphala Persada,Utama
CMNT,Cemindo Gemilang Tbk.,Pengembangan
CMPP,AirAsia Indonesia Tbk.,Pemantauan Khusus
CMRY,Cisarua Mountain Dairy Tbk.,Utama
CNKO,Exploitasi Energi Indonesia Tb,Pemantauan Khusus
CNMA,Nusantara Sejahtera Raya Tbk.,Utama
CNTX,Century Textile Industry Tbk.,Pemantauan Khusus
COAL,Black Diamond Resources Tbk.,Pemantauan Khusus
COCO,Wahana Interfood Nusantara Tbk,Pengembangan
COWL,Cowell Development Tbk.,Pemantauan Khusus
CPIN,Charoen Pokphand Indonesia Tbk,Utama
CPRI,Capri Nusa Satu Properti Tbk.,Pemantauan Khusus
CPRO,Central Proteina Prima Tbk.,Pengembangan
CRAB,Toba Surimi Industries Tbk.,Pengembangan
CRSN,Carsurin Tbk.,Pengembangan
CSAP,Catur Sentosa Adiprana Tbk.,Pengembangan
CSIS,Cahayasakti Investindo Sukses,Pemantauan Khusus
CSMI,Cipta Selera Murni Tbk.,Pemantauan Khusus
CSRA,Cisadane Sawit Raya Tbk.,Pengembangan
CTBN,Citra Tubindo Tbk.,Pemantauan Khusus
CTRA,Ciputra Development Tbk.,Utama
CTTH,Citatah Tbk.,Pemantauan Khusus
CUAN,Petrindo Jaya Kreasi Tbk.,Utama
CYBR,ITSEC Asia Tbk.,Pengembangan
DAAZ,Daaz Bara Lestari Tbk.,Utama
DADA,Diamond Citra Propertindo Tbk.,Pemantauan Khusus
DART,Duta Anggada Realty Tbk.,Pengembangan
DATA,Remala Abadi Tbk.,Pengembangan
DAYA,Duta Intidaya Tbk.,Pengembangan
DCII,DCI Indonesia Tbk.,Pengembangan
DEAL,Dewata Freightinternational Tb,Pemantauan Khusus
DEFI,Danasupra Erapacific Tbk.,Pemantauan Khusus
DEPO,Caturkarda Depo Bangunan Tbk.,Pengembangan
DEWA,Darma Henwa Tbk,Utama
DEWI,Dewi Shri Farmindo Tbk.,Pengembangan
DFAM,Dafam Property Indonesia Tbk.,Pengembangan
DGIK,Nusa Konstruksi Enjiniring Tbk,Pengembangan
DGNS,Diagnos Laboratorium Utama Tbk,Pengembangan
DGWG,Delta Giri Wacana Tbk.,Utama
DIGI,Arkadia Digital Media Tbk.,Pemantauan Khusus
DILD,Intiland Development Tbk.,Utama
DIVA,Distribusi Voucher Nusantara T,Pengembangan
DKFT,Central Omega Resources Tbk.,Pengembangan
DLTA,Delta Djakarta Tbk.,Utama
DMAS,Puradelta Lestari Tbk.,Utama
DMMX,Digital Mediatama Maxima Tbk.,Pengembangan
DMND,Diamond Food Indonesia Tbk.,Pemantauan Khusus
DNAR,Bank Oke Indonesia Tbk.,Pengembangan
DNET,Indoritel Makmur Internasional,Pengembangan
DOID,Delta Dunia Makmur Tbk.,Utama
DOOH,Era Media Sejahtera Tbk.,Pengembangan
DOSS,Global Sukses Digital Tbk.,Pengembangan
DPNS,Duta Pertiwi Nusantara Tbk.,Pengembangan
DPUM,Dua Putra Utama Makmur Tbk.,Pengembangan
DRMA,Dharma Polimetal Tbk.,Utama
DSFI,Dharma Samudera Fishing Indust,Pengembangan
DSNG,Dharma Satya Nusantara Tbk.,Utama
DSSA,Dian Swastatika Sentosa Tbk,Utama
DUCK,Jaya Bersama Indo Tbk.,Pemantauan Khusus
DUTI,Duta Pertiwi Tbk,Pemantauan Khusus
DVLA,Darya-Varia Laboratoria Tbk.,Pengembangan
DWGL,Dwi Guna Laksana Tbk.,Pengembangan
DYAN,Dyandra Media International Tb,Pengembangan
EAST,Eastparc Hotel Tbk.,Pengembangan
ECII,Electronic City Indonesia Tbk.,Pengembangan
EDGE,Indointernet Tbk.,Pengembangan
EKAD,Ekadharma International Tbk.,Pengembangan
ELIT,Data Sinergitama Jaya Tbk.,Pengembangan
ELPI,Pelayaran Nasional Ekalya Purn,Utama
ELSA,Elnusa Tbk.,Utama
ELTY,Bakrieland Development Tbk.,Pemantauan Khusus
EMDE,Megapolitan Developments Tbk.,Pengembangan
EMTK,Elang Mahkota Teknologi Tbk.,Utama
ENAK,Champ Resto Indonesia Tbk.,Pengembangan
ENRG,Energi Mega Persada Tbk.,Utama
ENVY,Envy Technologies Indonesia Tb,Pemantauan Khusus
ENZO,Morenzo Abadi Perkasa Tbk.,Pemantauan Khusus
EPAC,Megalestari Epack Sentosaraya,Pemantauan Khusus
EPMT,Enseval Putera Megatrading Tbk,Pengembangan
ERAA,Erajaya Swasembada Tbk.,Utama
ERAL,Sinar Eka Selaras Tbk.,Utama
ERTX,Eratex Djaja Tbk.,Pengembangan
ESIP,Sinergi Inti Plastindo Tbk.,Pemantauan Khusus
ESSA,ESSA Industries Indonesia Tbk.,Utama
ESTA,Esta Multi Usaha Tbk.,Pengembangan
ESTI,Ever Shine Tex Tbk.,Pemantauan Khusus
ETWA,Eterindo Wahanatama Tbk,Pemantauan Khusus
EURO,Estee Gold Feet Tbk.,Akselerasi
EXCL,XL Axiata Tbk.,Utama
FAPA,FAP Agri Tbk.,Pengembangan
FAST,Fast Food Indonesia Tbk.,Pengembangan
FASW,Fajar Surya Wisesa Tbk.,Pemantauan Khusus
FILM,MD Entertainment Tbk.,Utama
FIMP,Fimperkasa Utama Tbk.,Pemantauan Khusus
FIRE,Alfa Energi Investama Tbk.,Pengembangan
FISH,FKS Multi Agro Tbk.,Pemantauan Khusus
FITT,Hotel Fitra International Tbk.,Pengembangan
FLMC,Falmaco Nonwoven Industri Tbk.,Akselerasi
FMII,Fortune Mate Indonesia Tbk,Pengembangan
FOLK,Multi Garam Utama Tbk.,Pengembangan
FOOD,Sentra Food Indonesia Tbk.,Pengembangan
FORU,Fortune Indonesia Tbk,Pengembangan
FORZ,Forza Land Indonesia Tbk.,Pemantauan Khusus
FPNI,Lotte Chemical Titan Tbk.,Pengembangan
FREN,Smartfren Telecom Tbk.,Pemantauan Khusus
FUJI,Fuji Finance Indonesia Tbk.,Pengembangan
FUTR,Lini Imaji Kreasi Ekosistem Tb,Pengembangan
FWCT,Wijaya Cahaya Timber Tbk.,Pengembangan
GAMA,Aksara Global Development Tbk.,Pemantauan Khusus
GDST,Gunawan Dianjaya Steel Tbk.,Pemantauan Khusus
GDYR,Goodyear Indonesia Tbk.,Pengembangan
GEMA,Gema Grahasarana Tbk.,Pengembangan
GEMS,Golden Energy Mines Tbk.,Utama
GGRM,Gudang Garam Tbk.,Utama
GGRP,Gunung Raja Paksi Tbk.,Pemantauan Khusus
GHON,Gihon Telekomunikasi Indonesia,Pengembangan
GIAA,Garuda Indonesia (Persero) Tbk,Pemantauan Khusus
GJTL,Gajah Tunggal Tbk.,Utama
GLOB,Globe Kita Terang Tbk.,Pemantauan Khusus
GLVA,Galva Technologies Tbk.,Pengembangan
GMFI,Garuda Maintenance Facility Ae,Pemantauan Khusus
GMTD,Gowa Makassar Tourism Developm,Pengembangan
GOLD,Visi Telekomunikasi Infrastruk,Pengembangan
GOLF,Intra Golflink Resorts Tbk.,Utama
GOLL,Golden Plantation Tbk.,Pemantauan Khusus
GOOD,Garudafood Putra Putri Jaya Tb,Utama
GOTO,GoTo Gojek Tokopedia Tbk.,Ekonomi Baru
GPRA,Perdana Gapuraprima Tbk.,Pengembangan
GPSO,Geoprima Solusi Tbk.,Pengembangan
GRIA,Ingria Pratama Capitalindo Tbk,Pengembangan
GRPH,Griptha Putra Persada Tbk.,Pengembangan
GRPM,Graha Prima Mentari Tbk.,Akselerasi
GSMF,Equity Development Investment,Pengembangan
GTBO,Garda Tujuh Buana Tbk,Pengembangan
GTRA,Grahaprima Suksesmandiri Tbk.,Pengembangan
GTSI,GTS Internasional Tbk.,Pemantauan Khusus
GULA,Aman Agrindo Tbk.,Pengembangan
GUNA,Gunanusa Eramandiri Tbk.,Pengembangan
GWSA,Greenwood Sejahtera Tbk.,Pengembangan
GZCO,Gozco Plantations Tbk.,Pengembangan
HADE,Himalaya Energi Perkasa Tbk.,Pemantauan Khusus
HAIS,Hasnur Internasional Shipping,Pengembangan
HAJJ,Arsy Buana Travelindo Tbk.,Akselerasi
HALO,Haloni Jane Tbk.,Pengembangan
HATM,Habco Trans Maritima Tbk.,Utama
HBAT,Minahasa Membangun Hebat Tbk.,Akselerasi
HDFA,Radana Bhaskara Finance Tbk.,Pengembangan
HDIT,Hensel Davest Indonesia Tbk.,Pemantauan Khusus
HDTX,Panasia Indo Resources Tbk.,Pemantauan Khusus
HEAL,Medikaloka Hermina Tbk.,Utama
HELI,Jaya Trishindo Tbk.,Pengembangan
HERO,DFI Retail Nusantara Tbk.,Pengembangan
HEXA,Hexindo Adiperkasa Tbk.,Utama
HGII,Hero Global Investment Tbk.,Pengembangan
HILL,Hillcon Tbk.,Utama
HITS,Humpuss Intermoda Transportasi,Utama
HKMU,HK Metals Utama Tbk.,Pemantauan Khusus
HMSP,H.M. Sampoerna Tbk.,Pengembangan
HOKI,Buyung Poetra Sembada Tbk.,Utama
HOME,Hotel Mandarine Regency Tbk.,Pemantauan Khusus
HOMI,Grand House Mulia Tbk.,Pengembangan
HOPE,Harapan Duta Pertiwi Tbk.,Pemantauan Khusus
HOTL,Saraswati Griya Lestari Tbk.,Pemantauan Khusus
HRME,Menteng Heritage Realty Tbk.,Pemantauan Khusus
HRTA,Hartadinata Abadi Tbk.,Utama
HRUM,Harum Energy Tbk.,Utama
HUMI,Humpuss Maritim Internasional,Pengembangan
HYGN,Ecocare Indo Pasifik Tbk.,Pengembangan
IATA,MNC Energy Investments Tbk.,Pemantauan Khusus
IBFN,Intan Baru Prana Tbk.,Pemantauan Khusus
IBOS,Indo Boga Sukses Tbk.,Akselerasi
IBST,Inti Bangun Sejahtera Tbk.,Pemantauan Khusus
ICBP,Indofood CBP Sukses Makmur Tbk,Utama
ICON,Island Concepts Indonesia Tbk.,Pemantauan Khusus
IDEA,Idea Indonesia Akademi Tbk.,Akselerasi
IDPR,Indonesia Pondasi Raya Tbk.,Pengembangan
IFII,Indonesia Fibreboard Industry,Pengembangan
IFSH,Ifishdeco Tbk.,Pengembangan
IGAR,Champion Pacific Indonesia Tbk,Pengembangan
IIKP,Inti Agri Resources Tbk,Pemantauan Khusus
IKAI,Intikeramik Alamasri Industri,Pemantauan Khusus
IKAN,Era Mandiri Cemerlang Tbk.,Pemantauan Khusus
IKBI,Sumi Indo Kabel Tbk.,Pengembangan
IKPM,Ikapharmindo Putramas Tbk.,Pengembangan
IMAS,Indomobil Sukses Internasional,Utama
IMJS,Indomobil Multi Jasa Tbk.,Pengembangan
IMPC,Impack Pratama Industri Tbk.,Utama
INAF,Indofarma Tbk.,Pemantauan Khusus
INAI,Indal Aluminium Industry Tbk.,Pengembangan
INCF,Indo Komoditi Korpora Tbk.,Pemantauan Khusus
INCI,Intanwijaya Internasional Tbk,Pengembangan
INCO,Vale Indonesia Tbk.,Utama
INDF,Indofood Sukses Makmur Tbk.,Utama
INDO,Royalindo Investa Wijaya Tbk.,Pengembangan
INDR,Indo-Rama Synthetics Tbk.,Pengembangan
INDS,Indospring Tbk.,Pengembangan
INDX,Tanah Laut Tbk,Pengembangan
INDY,Indika Energy Tbk.,Utama
INET,Sinergi Inti Andalan Prima Tbk,Pengembangan
INKP,Indah Kiat Pulp & Paper Tbk.,Utama
INOV,Inocycle Technology Group Tbk.,Pengembangan
INPC,Bank Artha Graha Internasional,Utama
INPP,Indonesian Paradise Property T,Pengembangan
INPS,Indah Prakasa Sentosa Tbk.,Pengembangan
INRU,Toba Pulp Lestari Tbk.,Pengembangan
INTA,Intraco Penta Tbk.,Pemantauan Khusus
INTD,Inter Delta Tbk,Pengembangan
INTP,Indocement Tunggal Prakarsa Tb,Utama
IOTF,Sumber Sinergi Makmur Tbk.,Pengembangan
IPAC,Era Graharealty Tbk.,Akselerasi
IPCC,Indonesia Kendaraan Terminal T,Utama
IPCM,Jasa Armada Indonesia Tbk.,Pengembangan
IPOL,Indopoly Swakarsa Industry Tbk,Pengembangan
IPPE,Indo Pureco Pratama Tbk.,Pemantauan Khusus
IPTV,MNC Vision Networks Tbk.,Pemantauan Khusus
IRRA,Itama Ranoraya Tbk.,Pengembangan
IRSX,Aviana Sinar Abadi Tbk.,Pemantauan Khusus
ISAP,Isra Presisi Indonesia Tbk.,Akselerasi
ISAT,Indosat Tbk.,Utama
ISEA,Indo American Seafoods Tbk.,Pengembangan
ISSP,Steel Pipe Industry of Indones,Utama
ITIC,Indonesian Tobacco Tbk.,Pengembangan
ITMA,Sumber Energi Andalan Tbk.,Pengembangan
ITMG,Indo Tambangraya Megah Tbk.,Utama
JARR,Jhonlin Agro Raya Tbk.,Utama
JAST,Jasnita Telekomindo Tbk.,Pengembangan
JATI,Informasi Teknologi Indonesia,Pengembangan
JAWA,Jaya Agra Wattie Tbk.,Pengembangan
JAYA,Armada Berjaya Trans Tbk.,Pengembangan
JECC,Jembo Cable Company Tbk.,Pengembangan
JGLE,Graha Andrasentra Propertindo,Pemantauan Khusus
JIHD,Jakarta International Hotels &,Pengembangan
JKON,Jaya Konstruksi Manggala Prata,Utama
JKSW,Jakarta Kyoei Steel Works Tbk.,Pemantauan Khusus
JMAS,Asuransi Jiwa Syariah Jasa Mit,Pengembangan
JPFA,Japfa Comfeed Indonesia Tbk.,Utama
JRPT,Jaya Real Property Tbk.,Pengembangan
JSKY,Sky Energy Indonesia Tbk.,Pemantauan Khusus
JSMR,Jasa Marga (Persero) Tbk.,Utama
JSPT,Jakarta Setiabudi Internasiona,Pengembangan
JTPE,Jasuindo Tiga Perkasa Tbk.,Utama
KAEF,Kimia Farma Tbk.,Pengembangan
KARW,Meratus Jasa Prima Tbk.,Pemantauan Khusus
KAYU,Darmi Bersaudara Tbk.,Pemantauan Khusus
KBAG,Karya Bersama Anugerah Tbk.,Pemantauan Khusus
KBLI,KMI Wire & Cable Tbk.,Utama
KBLM,Kabelindo Murni Tbk.,Pengembangan
KBLV,First Media Tbk.,Pemantauan Khusus
KBRI,Kertas Basuki Rachmat Indonesi,Pemantauan Khusus
KDSI,Kedawung Setia Industrial Tbk.,Pengembangan
KDTN,Puri Sentul Permai Tbk.,Pengembangan
KEEN,Kencana Energi Lestari Tbk.,Utama
KEJU,Mulia Boga Raya Tbk.,Pengembangan
KETR,Ketrosden Triasmitra Tbk.,Pengembangan
KIAS,Keramika Indonesia Assosiasi T,Pemantauan Khusus
KICI,Kedaung Indah Can Tbk,Pengembangan
KIJA,Kawasan Industri Jababeka Tbk.,Utama
KING,Hoffmen Cleanindo Tbk.,Akselerasi
KINO,Kino Indonesia Tbk.,Pengembangan
KIOS,Kioson Komersial Indonesia Tbk,Pengembangan
KJEN,Krida Jaringan Nusantara Tbk.,Pengembangan
KKES,Kusuma Kemindo Sentosa Tbk.,Pemantauan Khusus
KKGI,Resource Alam Indonesia Tbk.,Utama
KLAS,Pelayaran Kurnia Lautan Semest,Pengembangan
KLBF,Kalbe Farma Tbk.,Utama
KLIN,Klinko Karya Imaji Tbk.,Akselerasi
KMDS,Kurniamitra Duta Sentosa Tbk.,Pengembangan
KMTR,Kirana Megatara Tbk.,Pengembangan
KOBX,Kobexindo Tractors Tbk.,Pengembangan
KOCI,Kokoh Exa Nusantara Tbk.,Pengembangan
KOIN,Kokoh Inti Arebama Tbk,Pemantauan Khusus
KOKA,Koka Indonesia Tbk.,Pemantauan Khusus
KONI,Perdana Bangun Pusaka Tbk,Pengembangan
KOPI,Mitra Energi Persada Tbk.,Pengembangan
KOTA,DMS Propertindo Tbk.,Pemantauan Khusus
KPAL,Steadfast Marine Tbk.,Pemantauan Khusus
KPAS,Cottonindo Ariesta Tbk.,Pemantauan Khusus
KPIG,MNC Land Tbk.,Pengembangan
KRAH,Grand Kartech Tbk.,Pemantauan Khusus
KRAS,Krakatau Steel (Persero) Tbk.,Pengembangan
KREN,Quantum Clovera Investama Tbk.,Pemantauan Khusus
KRYA,Bangun Karya Perkasa Jaya Tbk.,Pengembangan
KSIX,Kentanix Supra International T,Utama
KUAS,Ace Oldfields Tbk.,Pengembangan
LABA,Green Power Group Tbk.,Pengembangan
LABS,UBC Medical Indonesia Tbk.,Pengembangan
LAJU,Jasa Berdikari Logistics Tbk.,Pengembangan
LAND,Trimitra Propertindo Tbk.,Pemantauan Khusus
LAPD,Leyand International Tbk.,Pemantauan Khusus
LCGP,Eureka Prima Jakarta Tbk.,Pemantauan Khusus
LCKM,LCK Global Kedaton Tbk.,Pengembangan
LEAD,Logindo Samudramakmur Tbk.,Pengembangan
LFLO,Imago Mulia Persada Tbk.,Akselerasi
LIFE,MSIG Life Insurance Indonesia,Pengembangan
LINK,Link Net Tbk.,Pemantauan Khusus
LION,Lion Metal Works Tbk.,Utama
LIVE,Homeco Victoria Makmur Tbk.,Pengembangan
LMAS,Limas Indonesia Makmur Tbk,Pemantauan Khusus
LMAX,Lupromax Pelumas Indonesia Tbk,Akselerasi
LMPI,Langgeng Makmur Industri Tbk.,Pengembangan
LMSH,Lionmesh Prima Tbk.,Pemantauan Khusus
LOPI,Logisticsplus International Tb,Akselerasi
LPCK,Lippo Cikarang Tbk,Utama
LPGI,Lippo General Insurance Tbk.,Pemantauan Khusus
LPIN,Multi Prima Sejahtera Tbk,Pengembangan
LPKR,Lippo Karawaci Tbk.,Utama
LPLI,Star Pacific Tbk,Pengembangan
LPPF,Matahari Department Store Tbk.,Utama
LPPS,Lenox Pasifik Investama Tbk.,Pengembangan
LRNA,Eka Sari Lorena Transport Tbk.,Pengembangan
LSIP,PP London Sumatra Indonesia Tb,Utama
LTLS,Lautan Luas Tbk.,Utama
LUCK,Sentral Mitra Informatika Tbk.,Pengembangan
LUCY,Lima Dua Lima Tiga Tbk.,Akselerasi
MABA,Marga Abhinaya Abadi Tbk.,Pemantauan Khusus
MAGP,Multi Agro Gemilang Plantation,Pemantauan Khusus
MAHA,Mandiri Herindo Adiperkasa Tbk,Utama
MAIN,Malindo Feedmill Tbk.,Utama
MAMI,Mas Murni Indonesia Tbk,Pemantauan Khusus
MANG,Manggung Polahraya Tbk.,Akselerasi
MAPA,Map Aktif Adiperkasa Tbk.,Utama
MAPB,MAP Boga Adiperkasa Tbk.,Pemantauan Khusus
MAPI,Mitra Adiperkasa Tbk.,Utama
MARI,Mahaka Radio Integra Tbk.,Pengembangan
MARK,Mark Dynamics Indonesia Tbk.,Utama
MASA,Multistrada Arah Sarana Tbk.,Pengembangan
MASB,Bank Multiarta Sentosa Tbk.,Pengembangan
MAXI,Maxindo Karya Anugerah Tbk.,Pengembangan
MAYA,Bank Mayapada Internasional Tb,Utama
MBAP,Mitrabara Adiperdana Tbk.,Pengembangan
MBMA,Merdeka Battery Materials Tbk.,Pengembangan
MBSS,Mitrabahtera Segara Sejati Tbk,Utama
MBTO,Martina Berto Tbk.,Pengembangan
MCAS,M Cash Integrasi Tbk.,Utama
MCOL,Prima Andalan Mandiri Tbk.,Utama
MCOR,Bank China Construction Bank I,Utama
MDIA,Intermedia Capital Tbk.,Pemantauan Khusus
MDIY,Daya Intiguna Yasa Tbk.,Utama
MDKA,Merdeka Copper Gold Tbk.,Utama
MDKI,Emdeki Utama Tbk.,Pengembangan
MDLN,Modernland Realty Tbk.,Utama
MDRN,Modern Internasional Tbk.,Pemantauan Khusus
MEDC,Medco Energi Internasional Tbk,Utama
MEDS,Hetzer Medical Indonesia Tbk.,Pengembangan
MEGA,Bank Mega Tbk.,Utama
MEJA,Harta Djaya Karya Tbk.,Akselerasi
MENN,Menn Teknologi Indonesia Tbk.,Akselerasi
MERK,Merck Tbk.,Pengembangan
META,Nusantara Infrastructure Tbk.,Pemantauan Khusus
MFIN,Mandala Multifinance Tbk.,Utama
MFMI,Multifiling Mitra Indonesia Tb,Pemantauan Khusus
MGLV,Panca Anugrah Wisesa Tbk.,Akselerasi
MGNA,Magna Investama Mandiri Tbk.,Pemantauan Khusus
MGRO,Mahkota Group Tbk.,Pengembangan
MHKI,Multi Hanna Kreasindo Tbk.,Pengembangan
MICE,Multi Indocitra Tbk.,Pengembangan
MIDI,Midi Utama Indonesia Tbk.,Pengembangan
MIKA,Mitra Keluarga Karyasehat Tbk.,Utama
MINA,Sanurhasta Mitra Tbk.,Pemantauan Khusus
MIRA,Mitra International Resources,Pemantauan Khusus
MITI,Mitra Investindo Tbk.,Pengembangan
MKAP,Multikarya Asia Pasifik Raya T,Pengembangan
MKNT,Mitra Komunikasi Nusantara Tbk,Pemantauan Khusus
MKPI,Metropolitan Kentjana Tbk.,Pengembangan
MKTR,Menthobi Karyatama Raya Tbk.,Utama
MLBI,Multi Bintang Indonesia Tbk.,Utama
MLIA,Mulia Industrindo Tbk,Utama
MLPL,Multipolar Tbk.,Utama
MLPT,Multipolar Technology Tbk.,Pengembangan
MMIX,Multi Medika Internasional Tbk,Pengembangan
MMLP,Mega Manunggal Property Tbk.,Utama
MNCN,Media Nusantara Citra Tbk.,Utama
MOLI,Madusari Murni Indah Tbk.,Pengembangan
MORA,Mora Telematika Indonesia Tbk.,Utama
MPIX,Mitra Pedagang Indonesia Tbk.,Pengembangan
MPMX,Mitra Pinasthika Mustika Tbk.,Utama
MPOW,Megapower Makmur Tbk.,Pengembangan
MPPA,Matahari Putra Prima Tbk.,Utama
MPRO,Maha Properti Indonesia Tbk.,Pengembangan
MPXL,MPX Logistics International Tb,Pengembangan
MRAT,Mustika Ratu Tbk.,Pengembangan
MREI,Maskapai Reasuransi Indonesia,Pengembangan
MSIE,Multisarana Intan Eduka Tbk.,Akselerasi
MSIN,MNC Digital Entertainment Tbk.,Utama
MSJA,Multi Spunindo Jaya Tbk.,Utama
MSKY,MNC Sky Vision Tbk.,Pengembangan
MSTI,Mastersystem Infotama Tbk.,Utama
MTDL,Metrodata Electronics Tbk.,Utama
MTEL,Dayamitra Telekomunikasi Tbk.,Utama
MTFN,Capitalinc Investment Tbk.,Pemantauan Khusus
MTLA,Metropolitan Land Tbk.,Utama
MTMH,Murni Sadar Tbk.,Utama
MTPS,Meta Epsi Tbk.,Pemantauan Khusus
MTRA,Mitra Pemuda Tbk.,Pemantauan Khusus
MTSM,Metro Realty Tbk.,Pemantauan Khusus
MTWI,Malacca Trust Wuwungan Insuran,Pengembangan
MUTU,Mutuagung Lestari Tbk.,Pengembangan
MYOH,Samindo Resources Tbk.,Utama
MYOR,Mayora Indah Tbk.,Utama
MYRX,Hanson International Tbk.,Pemantauan Khusus
MYTX,Asia Pacific Investama Tbk.,Pemantauan Khusus
NAIK,Adiwarna Anugerah Abadi Tbk.,Pengembangan
NANO,Nanotech Indonesia Global Tbk.,Akselerasi
NASA,Andalan Perkasa Abadi Tbk.,Pemantauan Khusus
NASI,Wahana Inti Makmur Tbk.,Pengembangan
NATO,Surya Permata Andalan Tbk.,Pengembangan
NAYZ,Hassana Boga Sejahtera Tbk.,Akselerasi
NCKL,Trimegah Bangun Persada Tbk.,Utama
NELY,Pelayaran Nelly Dwi Putri Tbk.,Pengembangan
NEST,Esta Indonesia Tbk.,Pengembangan
NETV,MDTV Media Technologies Tbk.,Pemantauan Khusus
NFCX,NFC Indonesia Tbk.,Pengembangan
NICE,Adhi Kartiko Pratama Tbk.,Pengembangan
NICK,Charnic Capital Tbk.,Pengembangan
NICL,PAM Mineral Tbk.,Pengembangan
NIKL,Pelat Timah Nusantara Tbk.,Pengembangan
NINE,Techno9 Indonesia Tbk.,Akselerasi
NIPS,Nipress Tbk.,Pemantauan Khusus
NIRO,City Retail Developments Tbk.,Pengembangan
NISP,Bank OCBC NISP Tbk.,Utama
NOBU,Bank Nationalnobu Tbk.,Pengembangan
NPGF,Nusa Palapa Gemilang Tbk.,Pemantauan Khusus
NRCA,Nusa Raya Cipta Tbk.,Pengembangan
NSSS,Nusantara Sawit Sejahtera Tbk.,Pengembangan
NTBK,Nusatama Berkah Tbk.,Pengembangan
NUSA,Sinergi Megah Internusa Tbk.,Pemantauan Khusus
NZIA,Nusantara Almazia Tbk.,Pengembangan
OASA,Maharaksa Biru Energi Tbk.,Pengembangan
OBAT,Brigit Biofarmaka Teknologi Tb,Pengembangan
OBMD,OBM Drilchem Tbk.,Pengembangan
OCAP,Onix Capital Tbk.,Pemantauan Khusus
OILS,Indo Oil Perkasa Tbk.,Pengembangan
OKAS,Ancora Indonesia Resources Tbk,Pengembangan
OLIV,Oscar Mitra Sukses Sejahtera T,Akselerasi
OMED,Jayamas Medica Industri Tbk.,Utama
OMRE,Indonesia Prima Property Tbk,Pemantauan Khusus
OPMS,Optima Prima Metal Sinergi Tbk,Pengembangan
PACK,Abadi Nusantara Hijau Investam,Akselerasi
PADA,Personel Alih Daya Tbk.,Pemantauan Khusus
PADI,Minna Padi Investama Sekuritas,Pemantauan Khusus
PALM,Provident Investasi Bersama Tb,Pengembangan
PAMG,Bima Sakti Pertiwi Tbk.,Pengembangan
PANI,Pantai Indah Kapuk Dua Tbk.,Pengembangan
PANR,Panorama Sentrawisata Tbk.,Utama
PANS,Panin Sekuritas Tbk.,Utama
PART,Cipta Perdana Lancar Tbk.,Pengembangan
PBID,Panca Budi Idaman Tbk.,Utama
PBRX,Pan Brothers Tbk.,Pemantauan Khusus
PBSA,Paramita Bangun Sarana Tbk.,Pengembangan
PCAR,Prima Cakrawala Abadi Tbk.,Pengembangan
PDES,Destinasi Tirta Nusantara Tbk,Pengembangan
PDPP,Primadaya Plastisindo Tbk.,Pengembangan
PEGE,Panca Global Kapital Tbk.,Pengembangan
PEHA,Phapros Tbk.,Pengembangan
PEVE,Penta Valent Tbk.,Pengembangan
PGAS,Perusahaan Gas Negara Tbk.,Utama
PGEO,Pertamina Geothermal Energy Tb,Utama
PGJO,Tourindo Guide Indonesia Tbk.,Akselerasi
PGLI,Pembangunan Graha Lestari Inda,Pengembangan
PGUN,Pradiksi Gunatama Tbk.,Pemantauan Khusus
PICO,Pelangi Indah Canindo Tbk,Pengembangan
PIPA,Multi Makmur Lemindo Tbk.,Pemantauan Khusus
PJAA,Pembangunan Jaya Ancol Tbk.,Pengembangan
PKPK,Perdana Karya Perkasa Tbk,Pengembangan
PLAN,Planet Properindo Jaya Tbk.,Akselerasi
PLAS,Polaris Investama Tbk,Pemantauan Khusus
PLIN,Plaza Indonesia Realty Tbk.,Pemantauan Khusus
PMJS,Putra Mandiri Jembar Tbk.,Pengembangan
PMMP,Panca Mitra Multiperdana Tbk.,Pengembangan
PNBN,Bank Pan Indonesia Tbk,Utama
PNBS,Bank Panin Dubai Syariah Tbk.,Pengembangan
PNGO,Pinago Utama Tbk.,Pengembangan
PNIN,Paninvest Tbk.,Utama
PNLF,Panin Financial Tbk.,Utama
PNSE,Pudjiadi & Sons Tbk.,Pengembangan
POLA,Pool Advista Finance Tbk.,Pemantauan Khusus
POLI,Pollux Hotels Group Tbk.,Pemantauan Khusus
POLL,Pollux Properties Indonesia Tb,Pemantauan Khusus
POLU,Golden Flower Tbk.,Pengembangan
POLY,Asia Pacific Fibers Tbk,Pemantauan Khusus
POOL,Pool Advista Indonesia Tbk.,Pemantauan Khusus
PORT,Nusantara Pelabuhan Handal Tbk,Pengembangan
POSA,Bliss Properti Indonesia Tbk.,Pemantauan Khusus
POWR,Cikarang Listrindo Tbk.,Utama
PPGL,Prima Globalindo Logistik Tbk.,Akselerasi
PPRE,PP Presisi Tbk.,Pengembangan
PPRI,Paperocks Indonesia Tbk.,Pengembangan
PPRO,PP Properti Tbk.,Pemantauan Khusus
PRAS,Prima Alloy Steel Universal Tb,Pemantauan Khusus
PRAY,Famon Awal Bros Sedaya Tbk.,Pengembangan
PRDA,Prodia Widyahusada Tbk.,Utama
PRIM,Royal Prima Tbk.,Pengembangan
PSAB,J Resources Asia Pasifik Tbk.,Pengembangan
PSDN,Prasidha Aneka Niaga Tbk,Pengembangan
PSGO,Palma Serasih Tbk.,Utama
PSKT,Red Planet Indonesia Tbk.,Pemantauan Khusus
PSSI,IMC Pelita Logistik Tbk.,Utama
PTBA,Bukit Asam Tbk.,Utama
PTDU,Djasa Ubersakti Tbk.,Pemantauan Khusus
PTIS,Indo Straits Tbk.,Pengembangan
PTMP,Mitra Pack Tbk.,Pengembangan
PTMR,Master Print Tbk.,Pengembangan
PTPP,PP (Persero) Tbk.,Utama
PTPS,Pulau Subur Tbk.,Pengembangan
PTPW,Pratama Widya Tbk.,Pengembangan
PTRO,Petrosea Tbk.,Utama
PTSN,Sat Nusapersada Tbk,Pengembangan
PTSP,Pioneerindo Gourmet Internatio,Pengembangan
PUDP,Pudjiadi Prestige Tbk.,Utama
PURA,Putra Rajawali Kencana Tbk.,Pemantauan Khusus
PURE,Trinitan Metals and Minerals T,Pemantauan Khusus
PURI,Puri Global Sukses Tbk.,Pengembangan
PWON,Pakuwon Jati Tbk.,Utama
PYFA,Pyridam Farma Tbk,Pengembangan
PZZA,Sarimelati Kencana Tbk.,Pengembangan
RAAM,Tripar Multivision Plus Tbk.,Utama
RAFI,Sari Kreasi Boga Tbk.,Pemantauan Khusus
RAJA,Rukun Raharja Tbk.,Utama
RALS,Ramayana Lestari Sentosa Tbk.,Utama
RANC,Supra Boga Lestari Tbk.,Pengembangan
RATU,Raharja Energi Cepu Tbk.,Pengembangan
RBMS,Ristia Bintang Mahkotasejati T,Pemantauan Khusus
RCCC,Utama Radar Cahaya Tbk.,Akselerasi
RDTX,Roda Vivatex Tbk,Pengembangan
REAL,Repower Asia Indonesia Tbk.,Pemantauan Khusus
RELF,Graha Mitra Asia Tbk.,Akselerasi
RELI,Reliance Sekuritas Indonesia T,Pengembangan
RGAS,Kian Santang Muliatama Tbk.,Pengembangan
RICY,Ricky Putra Globalindo Tbk,Pengembangan
RIGS,Rig Tenders Indonesia Tbk.,Pengembangan
RIMO,Rimo International Lestari Tbk,Pemantauan Khusus
RISE,Jaya Sukses Makmur Sentosa Tbk,Pengembangan
RMKE,RMK Energy Tbk.,Utama
RMKO,Royaltama Mulia Kontraktorindo,Pengembangan
ROCK,Rockfields Properti Indonesia,Pemantauan Khusus
RODA,Pikko Land Development Tbk.,Pemantauan Khusus
RONY,Aesler Grup Internasional Tbk.,Pengembangan
ROTI,Nippon Indosari Corpindo Tbk.,Pengembangan
RSCH,Charlie Hospital Semarang Tbk.,Pengembangan
RSGK,Kedoya Adyaraya Tbk.,Utama
RUIS,Radiant Utama Interinsco Tbk.,Pengembangan
RUNS,Global Sukses Solusi Tbk.,Akselerasi
SAFE,Steady Safe Tbk,Pengembangan
SAGE,Saptausaha Gemilangindah Tbk.,Pemantauan Khusus
SAME,Sarana Meditama Metropolitan T,Utama
SAMF,Saraswanti Anugerah Makmur Tbk,Utama
SAPX,Satria Antaran Prima Tbk.,Pengembangan
SATU,Kota Satu Properti Tbk.,Pengembangan
SBAT,Sejahtera Bintang Abadi Textil,Pemantauan Khusus
SBMA,Surya Biru Murni Acetylene Tbk,Pengembangan
SCCO,Supreme Cable Manufacturing &,Pengembangan
SCMA,Surya Citra Media Tbk.,Utama
SCNP,Selaras Citra Nusantara Perkas,Pengembangan
SCPI,Organon Pharma Indonesia Tbk.,Pemantauan Khusus
SDMU,Sidomulyo Selaras Tbk.,Pemantauan Khusus
SDPC,Millennium Pharmacon Internati,Pengembangan
SDRA,Bank Woori Saudara Indonesia 1,Utama
SEMA,Semacom Integrated Tbk.,Pengembangan
SFAN,Surya Fajar Capital Tbk.,Pengembangan
SGER,Sumber Global Energy Tbk.,Pengembangan
SGRO,Sampoerna Agro Tbk.,Utama
SHID,Hotel Sahid Jaya International,Pengembangan
SHIP,Sillo Maritime Perdana Tbk.,Utama
SICO,Sigma Energy Compressindo Tbk.,Pengembangan
SIDO,Industri Jamu dan Farmasi Sido,Utama
SILO,Siloam International Hospitals,Utama
SIMA,Siwani Makmur Tbk,Pemantauan Khusus
SIMP,Salim Ivomas Pratama Tbk.,Utama
SINI,Singaraja Putra Tbk.,Pemantauan Khusus
SIPD,Sreeya Sewu Indonesia Tbk.,Pengembangan
SKBM,Sekar Bumi Tbk.,Pengembangan
SKLT,Sekar Laut Tbk.,Pengembangan
SKRN,Superkrane Mitra Utama Tbk.,Pengembangan
SKYB,Northcliff Citranusa Indonesia,Pemantauan Khusus
SLIS,Gaya Abadi Sempurna Tbk.,Pengembangan
SMAR,Smart Tbk.,Pengembangan
SMBR,Semen Baturaja Tbk.,Utama
SMCB,Solusi Bangun Indonesia Tbk.,Pemantauan Khusus
SMDM,Suryamas Dutamakmur Tbk.,Pengembangan
SMDR,Samudera Indonesia  Tbk.,Utama
SMGA,Sumber Mineral Global Abadi Tb,Pengembangan
SMGR,Semen Indonesia (Persero) Tbk.,Utama
SMIL,Sarana Mitra Luas Tbk.,Utama
SMKL,Satyamitra Kemas Lestari Tbk.,Pengembangan
SMKM,Sumber Mas Konstruksi Tbk.,Akselerasi
SMLE,Sinergi Multi Lestarindo Tbk.,Pengembangan
SMMA,Sinarmas Multiartha Tbk.,Utama
SMMT,Golden Eagle Energy Tbk.,Pemantauan Khusus
SMRA,Summarecon Agung Tbk.,Utama
SMRU,SMR Utama Tbk.,Pemantauan Khusus
SMSM,Selamat Sempurna Tbk.,Utama
SNLK,Sunter Lakeside Hotel Tbk.,Pengembangan
SOCI,Soechi Lines Tbk.,Utama
SOFA,Boston Furniture Industries Tb,Akselerasi
SOHO,Soho Global Health Tbk.,Pengembangan
SOLA,Xolare RCR Energy Tbk.,Pengembangan
SONA,Sona Topas Tourism Industry Tb,Pengembangan
SOSS,Shield On Service Tbk.,Pemantauan Khusus
SOTS,Satria Mega Kencana Tbk.,Pengembangan
SOUL,Mitra Tirta Buwana Tbk.,Akselerasi
SPMA,Suparma Tbk.,Pengembangan
SPRE,Soraya Berjaya Indonesia Tbk.,Akselerasi
SPTO,Surya Pertiwi Tbk.,Utama
SQMI,Wilton Makmur Indonesia Tbk.,Pemantauan Khusus
SRAJ,Sejahteraraya Anugrahjaya Tbk.,Utama
SRIL,Sri Rejeki Isman Tbk.,Pemantauan Khusus
SRSN,Indo Acidatama Tbk,Pengembangan
SRTG,Saratoga Investama Sedaya Tbk.,Utama
SSIA,Surya Semesta Internusa Tbk.,Utama
SSMS,Sawit Sumbermas Sarana Tbk.,Utama
SSTM,Sunson Textile Manufacture Tbk,Pengembangan
STAA,Sumber Tani Agung Resources Tb,Utama
STAR,Buana Artha Anugerah Tbk.,Pengembangan
STRK,Lovina Beach Brewery Tbk.,Pengembangan
STTP,Siantar Top Tbk.,Pengembangan
SUGI,Sugih Energy Tbk.,Pemantauan Khusus
SULI,SLJ Global Tbk.,Pengembangan
SUNI,Sunindo Pratama Tbk.,Utama
SUPR,Solusi Tunas Pratama Tbk.,Pemantauan Khusus
SURE,Super Energy Tbk.,Pengembangan
SURI,Maja Agung Latexindo Tbk.,Pengembangan
SWAT,Sriwahana Adityakarta Tbk.,Pemantauan Khusus
SWID,Saraswanti Indoland Developmen,Pengembangan
TALF,Tunas Alfin Tbk.,Pengembangan
TAMA,Lancartama Sejati Tbk.,Pemantauan Khusus
TAMU,Pelayaran Tamarin Samudra Tbk.,Pemantauan Khusus
TAPG,Triputra Agro Persada Tbk.,Utama
TARA,Agung Semesta Sejahtera Tbk.,Pemantauan Khusus
TAXI,Express Transindo Utama Tbk.,Pemantauan Khusus
TAYS,Jaya Swarasa Agung Tbk.,Pengembangan
TBIG,Tower Bersama Infrastructure T,Utama
TBLA,Tunas Baru Lampung Tbk.,Utama
TBMS,Tembaga Mulia Semanan Tbk.,Pengembangan
TCID,Mandom Indonesia Tbk.,Pengembangan
TCPI,Transcoal Pacific Tbk.,Pengembangan
TDPM,Tianrong Chemicals Industry Tb,Pemantauan Khusus
TEBE,Dana Brata Luhur Tbk.,Utama
TECH,Indosterling Technomedia Tbk.,Pengembangan
TELE,Omni Inovasi Indonesia Tbk.,Pemantauan Khusus
TFAS,Telefast Indonesia Tbk.,Pengembangan
TFCO,Tifico Fiber Indonesia Tbk.,Pemantauan Khusus
TGKA,Tigaraksa Satria Tbk.,Pengembangan
TGRA,Terregra Asia Energy Tbk.,Pemantauan Khusus
TGUK,Platinum Wahab Nusantara Tbk.,Pengembangan
TIFA,KDB Tifa Finance Tbk.,Pemantauan Khusus
TINS,Timah Tbk.,Utama
TIRA,Tira Austenite Tbk,Pengembangan
TIRT,Tirta Mahakam Resources Tbk,Pemantauan Khusus
TKIM,Pabrik Kertas Tjiwi Kimia Tbk.,Utama
TLDN,Teladan Prima Agro Tbk.,Pengembangan
TLKM,Telkom Indonesia (Persero) Tbk,Utama
TMAS,Temas Tbk.,Utama
TMPO,Tempo Intimedia Tbk.,Pengembangan
TNCA,Trimuda Nuansa Citra Tbk.,Pengembangan
TOBA,TBS Energi Utama Tbk.,Utama
TOOL,Rohartindo Nusantara Luas Tbk.,Pengembangan
TOPS,Totalindo Eka Persada Tbk.,Pemantauan Khusus
TOSK,Topindo Solusi Komunika Tbk.,Pengembangan
TOTL,Total Bangun Persada Tbk.,Utama
TOTO,Surya Toto Indonesia Tbk.,Pengembangan
TOWR,Sarana Menara Nusantara Tbk.,Utama
TOYS,Sunindo Adipersada Tbk.,Pemantauan Khusus
TPIA,Chandra Asri Pacific Tbk.,Pengembangan
TPMA,Trans Power Marine Tbk.,Utama
TRAM,Trada Alam Minera Tbk.,Pemantauan Khusus
TRGU,Cerestar Indonesia Tbk.,Utama
TRIL,Triwira Insanlestari Tbk.,Pemantauan Khusus
TRIM,Trimegah Sekuritas Indonesia T,Utama
TRIN,Perintis Triniti Properti Tbk.,Pengembangan
TRIO,Trikomsel Oke Tbk.,Pemantauan Khusus
TRIS,Trisula International Tbk.,Pengembangan
TRJA,Transkon Jaya Tbk.,Pengembangan
TRON,Teknologi Karya Digital Nusa T,Pengembangan
TRST,Trias Sentosa Tbk.,Pengembangan
TRUE,Triniti Dinamik Tbk.,Pemantauan Khusus
TRUK,Guna Timur Raya Tbk.,Pengembangan
TRUS,Trust Finance Indonesia Tbk,Pengembangan
TSPC,Tempo Scan Pacific Tbk.,Utama
TUGU,Asuransi Tugu Pratama Indonesi,Utama
TYRE,King Tire Indonesia Tbk.,Pengembangan
UANG,Pakuan Tbk.,Pengembangan
UCID,Uni-Charm Indonesia Tbk.,Utama
UDNG,Agro Bahari Nusantara Tbk.,Akselerasi
UFOE,Damai Sejahtera Abadi Tbk.,Pengembangan
ULTJ,Ultrajaya Milk Industry & Trad,Utama
UNIC,Unggul Indah Cahaya Tbk.,Utama
UNIQ,Ulima Nitra Tbk.,Utama
UNIT,Nusantara Inti Corpora Tbk,Pengembangan
UNSP,Bakrie Sumatera Plantations Tb,Pemantauan Khusus
UNTD,Terang Dunia Internusa Tbk.,Pengembangan
UNTR,United Tractors Tbk.,Utama
UNVR,Unilever Indonesia Tbk.,Utama
URBN,Urban Jakarta Propertindo Tbk.,Pengembangan
UVCR,Trimegah Karya Pratama Tbk.,Pengembangan
VAST,Vastland Indonesia Tbk.,Pengembangan
VERN,Verona Indah Pictures Tbk.,Pengembangan
VICI,Victoria Care Indonesia Tbk.,Utama
VICO,Victoria Investama Tbk.,Pengembangan
VINS,Victoria Insurance Tbk.,Pengembangan
VISI,Satu Visi Putra Tbk.,Pengembangan
VIVA,Visi Media Asia Tbk.,Pemantauan Khusus
VKTR,VKTR Teknologi Mobilitas Tbk.,Pengembangan
VOKS,Voksel Electric Tbk.,Pengembangan
VRNA,Mizuho Leasing Indonesia Tbk.,Pengembangan
VTNY,Venteny Fortuna International,Utama
WAPO,Wahana Pronatural Tbk.,Pengembangan
WEGE,Wijaya Karya Bangunan Gedung T,Utama
WEHA,WEHA Transportasi Indonesia Tb,Pengembangan
WGSH,Wira Global Solusi Tbk.,Akselerasi
WICO,Wicaksana Overseas Internation,Pemantauan Khusus
WIDI,Widiant Jaya Krenindo Tbk.,Akselerasi
WIFI,Solusi Sinergi Digital Tbk.,Pengembangan
WIIM,Wismilak Inti Makmur Tbk.,Utama
WIKA,Wijaya Karya (Persero) Tbk.,Pengembangan
WINE,Hatten Bali Tbk.,Pengembangan
WINR,Winner Nusantara Jaya Tbk.,Pemantauan Khusus
WINS,Wintermar Offshore Marine Tbk.,Utama
WIRG,WIR ASIA Tbk.,Pengembangan
WMPP,Widodo Makmur Perkasa Tbk.,Pemantauan Khusus
WMUU,Widodo Makmur Unggas Tbk.,Pemantauan Khusus
WOMF,Wahana Ottomitra Multiartha Tb,Pengembangan
WOOD,Integra Indocabinet Tbk.,Utama
WOWS,Ginting Jaya Energi Tbk.,Pemantauan Khusus
WSBP,Waskita Beton Precast Tbk.,Pemantauan Khusus
WSKT,Waskita Karya (Persero) Tbk.,Pemantauan Khusus
WTON,Wijaya Karya Beton Tbk.,Utama
YELO,Yelooo Integra Datanet Tbk.,Pemantauan Khusus
YOII,Asuransi Digital Bersama Tbk.,Pengembangan
YPAS,Yanaprima Hastapersada Tbk,Pemantauan Khusus
YULE,Yulie Sekuritas Indonesia Tbk.,Pengembangan
ZATA,Bersama Zatta Jaya Tbk.,Pemantauan Khusus
ZBRA,Dosni Roha Indonesia Tbk.,Pengembangan
ZINC,Kapuas Prima Coal Tbk.,Pemantauan Khusus
ZONE,Mega Perintis Tbk.,Pengembangan
ZYRX,Zyrexindo Mandiri Buana Tbk.,Pengembangan
